{"cameraMode":{"drawMode":0,"name":"Shaded","section":"Shading Mode"},"sceneLighting":false,"audioPlay":false,"sceneViewState":{"showFog":true,"showMaterialUpdate":false,"showSkybox":true,"showFlares":true,"showImageEffects":true,"showParticleSystems":true},"in2DMode":false,"pivot":{"x":-19.106386184692384,"y":-23.258039474487306,"z":297.4526062011719},"rotation":{"x":0.04047530144453049,"y":-0.0323757529258728,"z":0.0013131325831636787,"w":0.9986550211906433},"size":352.9187316894531,"orthographic":false}